,Mono_TC-YH,Mono_TC-AH,Mono_TC-ACR,Mono_TC-YCR,Mono_BC-YH,Mono_BC-AH,Mono_BC-YCR,Mono_BC-ACR,TC_Mono-YH,TC_Mono-AH,TC_Mono-YCR,TC_Mono-ACR,BC_Mono-YH,BC_Mono-AH,BC_Mono-YCR,BC_Mono-ACR,TC_BC-YH,TC_BC-AH,TC_BC-YCR,TC_BC-ACR,BC_TC-YH,BC_TC-AH,BC_TC-YCR,BC_TC-ACR
IL1B-IL1R1,0.697292385,1.245773831,-0.248245652,2.539183105,0,-0.587719372,-0.336651222,-1.519627112,-0.697292385,-1.245773831,0.248245652,-2.539183105,0,0.587719372,0.336651222,1.519627112,0,-0.093601568,0,-0.845802535,0,0.093601568,0,0.845802535
IL1B-IL1R2,0.473729745,2.200564661,0.53375518,1.818964436,0,-1.52958334,1.962834508,-1.667276123,-0.473729745,-2.200564661,-0.53375518,-1.818964436,0,1.52958334,-1.962834508,1.667276123,0,-0.3202575,0.153319379,-0.590732603,0,0.3202575,-0.153319379,0.590732603
IL18-IL18R1,6.235303546,6.319536274,5.161634728,6.09816217,4.46301011,3.051674728,2.969464684,1.6000279,-6.235303546,-6.319536274,-5.161634728,-6.09816217,-4.46301011,-3.051674728,-2.969464684,-1.6000279,-0.789487619,-2.491688599,-1.43685665,-3.337003095,0.789487619,2.491688599,1.43685665,3.337003095
IL18-IL18RAP,5.01505429,6.007085579,4.125242901,5.431229695,2.746024742,2.936340247,1.305888375,-0.280827696,-5.01505429,-6.007085579,-4.125242901,-5.431229695,-2.746024742,-2.936340247,-1.305888375,0.280827696,-0.482458112,-2.230447092,-0.93508667,-2.802829404,0.482458112,2.230447092,0.93508667,2.802829404
IL2-IL2RG,-1.369635165,-1.562329073,-0.360663812,-0.84098046,0,-0.742282594,0,1.070944931,1.369635165,1.562329073,0.360663812,0.84098046,0,0.742282594,0,-1.070944931,2.389820812,0.562954311,0.758899606,3.681112184,-2.389820812,-0.562954311,-0.758899606,-3.681112184
IL4-IL4R,-0.538428338,-1.069440644,0.288143662,-1.394768981,0,0,1.850713042,0,0.538428338,1.069440644,-0.288143662,1.394768981,0,0,-1.850713042,0,2.021323399,3.403501785,1.874400168,2.960033794,-2.021323399,-3.403501785,-1.874400168,-2.960033794
IL4-IL2RG,-0.363499081,-0.677303951,0.826875308,-0.811394058,0,0,1.22679185,0,0.363499081,0.677303951,-0.826875308,0.811394058,0,0,-1.22679185,0,0.821423918,1.298784233,1.245594412,1.770634014,-0.821423918,-1.298784233,-1.245594412,-1.770634014
IL4-IL13RA1,-0.888011229,-1.397046397,-1.470534761,-1.741642403,0,0,0.423969422,0,0.888011229,1.397046397,1.470534761,1.741642403,0,0,-0.423969422,0,0.292672173,0.612510293,0.432359038,0.93179568,-0.292672173,-0.612510293,-0.432359038,-0.93179568
IL7-IL7R,2.988303153,2.102691235,5.809297983,4.820026885,-3.885764665,-3.958128541,-2.785191578,-3.323564887,-2.988303153,-2.102691235,-5.809297983,-4.820026885,3.885764665,3.958128541,2.785191578,3.323564887,-7.009279407,-6.257607621,-8.972038305,-8.879796586,7.009279407,6.257607621,8.972038305,8.879796586
IL7-IL2RG,1.244412981,0.157342554,2.891814541,1.348170761,-3.302193828,-3.284807243,-2.454822482,-2.249516299,-1.244412981,-0.157342554,-2.891814541,-1.348170761,3.302193828,3.284807243,2.454822482,2.249516299,-4.798968074,-3.603900897,-5.711288879,-3.780562621,4.798968074,3.603900897,5.711288879,3.780562621
IL13-IL13RA1,0,0,-1.326200814,0,0,0,-0.752109493,0,0,0,1.326200814,0,0,0,0.752109493,0,0,0,0.370252971,0,0,0,-0.370252971,0
IL13-IL4R,0,0,0.892522272,0,0,0,1.169157205,0,0,0,-0.892522272,0,0,0,-1.169157205,0,0,0,0.224544012,0,0,0,-0.224544012,0
IL13-IL2RG,0,0,1.364751596,0,0,0,1.058051709,0,0,0,-1.364751596,0,0,0,-1.058051709,0,0,0,-0.270205822,0,0,0,0.270205822,0
IL15-IL15RA,2.81784097,2.559068021,1.944355566,0.777499911,0.278445668,-0.355243556,0.37887038,-0.035151849,-2.81784097,-2.559068021,-1.944355566,-0.777499911,-0.278445668,0.355243556,-0.37887038,0.035151849,-2.344418337,-2.76813129,-1.490680334,-0.794897184,2.344418337,2.76813129,1.490680334,0.794897184
IL15-IL2RB,5.897735667,6.352073253,6.922540547,5.765126718,2.019467048,2.190364791,1.852589527,1.876160087,-5.897735667,-6.352073253,-6.922540547,-5.765126718,-2.019467048,-2.190364791,-1.852589527,-1.876160087,-3.985581642,-4.233352129,-5.146124017,-3.930571347,3.985581642,4.233352129,5.146124017,3.930571347
IL15-IL2RG,5.193602886,4.941283234,5.213759236,3.823125021,2.506191924,2.427448799,2.690980796,2.444868686,-5.193602886,-4.941283234,-5.213759236,-3.823125021,-2.506191924,-2.427448799,-2.690980796,-2.444868686,-2.757932901,-2.552310974,-2.586066143,-1.392992135,2.757932901,2.552310974,2.586066143,1.392992135
IL5-CSF2RB,-1.364219911,-0.568674875,0,-1.456935039,-1.660466051,0,0,-0.710535836,1.364219911,0.568674875,0,1.456935039,1.660466051,0,0,0.710535836,0.149685628,0.11496533,0,0.81799984,-0.149685628,-0.11496533,0,-0.81799984
CSF2-CSF2RB,0,-1.380561893,0.013264884,0,0,0,0.177166478,0,0,1.380561893,-0.013264884,0,0,0,-0.177166478,0,0,0.350862459,0,0,0,-0.350862459,0,0
CSF2-CSF2RA,0,-1.236056939,0.008299605,0,0,0,0.012985384,0,0,1.236056939,-0.008299605,0,0,0,-0.012985384,0,0,0.050603038,0,0,0,-0.050603038,0,0
IL6-IL6R,0,1.905959513,2.221083457,3.6766246,-4.710132084,-3.966567933,-5.286495031,-4.916220777,0,-1.905959513,-2.221083457,-3.6766246,4.710132084,3.966567933,5.286495031,4.916220777,-4.281567257,-3.831669232,-5.400930817,-6.439478328,4.281567257,3.831669232,5.400930817,6.439478328
IL6-IL6ST,0,2.20062153,3.176729425,4.616448262,-4.200016929,-2.607267094,-3.803629951,-3.433379449,0,-2.20062153,-3.176729425,-4.616448262,4.200016929,2.607267094,3.803629951,3.433379449,-4.994792064,-4.196086835,-6.517063499,-7.428415188,4.994792064,4.196086835,6.517063499,7.428415188
IL11-IL6ST,-0.983491194,0,-0.806155042,0,0,0,0,0,0.983491194,0,0.806155042,0,0,0,0,0,0.508572001,0,0.493398617,0,-0.508572001,0,-0.493398617,0
IL12A-IL12RB1,-0.684011672,-0.842331075,0.06156908,-0.494701732,-2.619377859,-2.631913816,-2.624502158,-3.62543753,0.684011672,0.842331075,-0.06156908,0.494701732,2.619377859,2.631913816,2.624502158,3.62543753,-2.352037395,-2.219882034,-2.797014351,-3.480497735,2.352037395,2.219882034,2.797014351,3.480497735
IL12B-IL12RB1,0,0,0,0,0,-1.370515959,0,-0.794118945,0,0,0,0,0,1.370515959,0,0.794118945,0,-1.990510581,0,-1.536947575,0,1.990510581,0,1.536947575
LIF-IL6ST,0,-1.809374291,2.415982905,3.969918752,0,-1.411233107,1.029521057,2.553622247,0,1.809374291,-2.415982905,-3.969918752,0,1.411233107,-1.029521057,-2.553622247,0,-0.616500169,0,0,0,0.616500169,0,0
OSM-IL6ST,-0.124726401,0.343350939,1.805063,1.868583761,2.320100392,0.634337561,3.90575988,5.720011435,0.124726401,-0.343350939,-1.805063,-1.868583761,-2.320100392,-0.634337561,-3.90575988,-5.720011435,3.133732538,0.311680987,2.198062844,4.178125262,-3.133732538,-0.311680987,-2.198062844,-4.178125262
IL10-IL10RA,-2.528370376,-4.629558077,2.359306396,5.883752741,0,-4.372371026,2.664651853,4.53177135,2.528370376,4.629558077,-2.359306396,-5.883752741,0,4.372371026,-2.664651853,-4.53177135,1.703659025,-1.176484013,0.622701453,0,-1.703659025,1.176484013,-0.622701453,0
IL16-CD4,-2.934000198,-2.349253332,-2.720544816,-2.262086142,-5.005381749,-5.854856915,-5.480537298,-5.419255208,2.934000198,2.349253332,2.720544816,2.262086142,5.005381749,5.854856915,5.480537298,5.419255208,-2.079935061,-3.512736096,-2.773645231,-3.173906798,2.079935061,3.512736096,2.773645231,3.173906798
IL17A-IL17RA,0,0,-2.409909673,0,0,0,0,0,0,0,2.409909673,0,0,0,0,0,0,0,0.563446532,0,0,0,-0.563446532,0
IFNG-IFNGR1,-4.501372826,-4.986605713,-4.783888232,-6.90732412,-3.156202432,-2.845610543,-2.431387566,-2.663614213,4.501372826,4.986605713,4.783888232,6.90732412,3.156202432,2.845610543,2.431387566,2.663614213,1.364347102,2.160933954,2.33279125,4.257323117,-1.364347102,-2.160933954,-2.33279125,-4.257323117
CD40LG-CD40,-6.32682381,-7.284724544,-6.602218575,-7.284561439,1.579627787,1.458446999,1.193530647,2.238406845,6.32682381,7.284724544,6.602218575,7.284561439,-1.579627787,-1.458446999,-1.193530647,-2.238406845,8.427467604,9.129574095,8.324431696,9.843431412,-8.427467604,-9.129574095,-8.324431696,-9.843431412
LTB-LTBR,-8.900364362,-8.797138643,-10.01676725,-8.616597037,-8.214681387,-8.631232502,-8.733767621,-8.658528224,8.900364362,8.797138643,10.01676725,8.616597037,8.214681387,8.631232502,8.733767621,8.658528224,0.730642748,0.182152613,1.327756613,-0.03624904,-0.730642748,-0.182152613,-1.327756613,0.03624904
TNF-TNFRSF1A,0.71770702,2.404735258,-1.34075193,-1.420974341,-2.386292477,-1.056362507,-2.332459937,-2.213714055,-0.71770702,-2.404735258,1.34075193,1.420974341,2.386292477,1.056362507,2.332459937,2.213714055,-2.887442947,-3.289377154,-0.982376505,-0.795288336,2.887442947,3.289377154,0.982376505,0.795288336
TNF-TNFRSF1B,0.00499636,2.095005449,-1.630493722,-1.696194281,-1.523177966,1.190648482,-0.480015755,-1.604834378,-0.00499636,-2.095005449,1.630493722,1.696194281,1.523177966,-1.190648482,0.480015755,1.604834378,-1.483388084,-0.896516196,1.142799148,0.089849678,1.483388084,0.896516196,-1.142799148,-0.089849678
TNFRSF14-BTLA,4.156775426,3.707652507,4.345924966,4.269174875,6.223926459,6.880967525,6.918580038,7.363510166,-4.156775426,-3.707652507,-4.345924966,-4.269174875,-6.223926459,-6.880967525,-6.918580038,-7.363510166,2.063933612,3.170756683,2.582619237,3.120015733,-2.063933612,-3.170756683,-2.582619237,-3.120015733
CADM1-CRTAM,0.117900225,-2.746815033,-0.714986043,-2.005588546,-1.63179269,0.092388245,-3.372998362,-4.530782378,-0.117900225,2.746815033,0.714986043,2.005588546,1.63179269,-0.092388245,3.372998362,4.530782378,-2.25494078,1.51824243,-4.806514537,-4.652913709,2.25494078,-1.51824243,4.806514537,4.652913709
CCL15-CCR1,0,0,0,-2.011770025,0,0,0,0,0,0,0,2.011770025,0,0,0,0,0,0,0,0.488273109,0,0,0,-0.488273109
CCL19-CCR7,5.071315838,0,1.395314589,0,3.907640919,0,0.529995127,0,-5.071315838,0,-1.395314589,0,-3.907640919,0,-0.529995127,0,0,0,0,0,0,0,0,0
CCL2-CCR2,1.325807651,2.337594699,0.9213841,-0.099881865,0.663035251,-0.168797792,2.70799307,1.892914189,-1.325807651,-2.337594699,-0.9213841,0.099881865,-0.663035251,0.168797792,-2.70799307,-1.892914189,0.01881796,-0.576787761,0,0.319394959,-0.01881796,0.576787761,0,-0.319394959
CCL20-CCR6,-0.321471656,0.89899174,2.045125956,3.340655356,0,1.783444755,4.686294615,5.250641457,0.321471656,-0.89899174,-2.045125956,-3.340655356,0,-1.783444755,-4.686294615,-5.250641457,2.675863136,2.232324387,2.853576833,2.840611868,-2.675863136,-2.232324387,-2.853576833,-2.840611868
CCL23-CCR1,-0.335989233,-1.365304697,-0.878206937,0.112828407,0.082313008,0.253413868,0.164210894,0.455148967,0.335989233,1.365304697,0.878206937,-0.112828407,-0.082313008,-0.253413868,-0.164210894,-0.455148967,0.012954744,0.123762929,0.054560924,0,-0.012954744,-0.123762929,-0.054560924,0
CCL3-CCR1,-2.708990983,0.16075462,-0.306688934,-1.708389409,-2.392265948,-0.08574667,-0.694935758,0.340022067,2.708990983,-0.16075462,0.306688934,1.708389409,2.392265948,0.08574667,0.694935758,-0.340022067,0.106693706,-0.196696902,-0.245330355,1.925490526,-0.106693706,0.196696902,0.245330355,-1.925490526
CCL3-CCR5,1.610234402,5.229514154,5.312955689,4.621533406,0.739564088,2.415362093,2.834821438,1.157373509,-1.610234402,-5.229514154,-5.312955689,-4.621533406,-0.739564088,-2.415362093,-2.834821438,-1.157373509,-0.449098345,-2.222759283,-1.9886477,-3.137228899,0.449098345,2.222759283,1.9886477,3.137228899
CCL4-CCR5,-1.285362999,1.008912436,1.8862061,1.388584843,-1.629907147,0.321841283,1.605459229,0.727561151,1.285362999,-1.008912436,-1.8862061,-1.388584843,1.629907147,-0.321841283,-1.605459229,-0.727561151,-0.488016264,-0.658340906,-0.090567333,-0.536231784,0.488016264,0.658340906,0.090567333,0.536231784
CCL5-CCR1,-6.660868726,-6.785004281,-7.564377442,-8.532279221,-5.777828535,-4.880104681,-4.173864677,-3.101313614,6.660868726,6.785004281,7.564377442,8.532279221,5.777828535,4.880104681,4.173864677,3.101313614,0.846033188,1.870158017,3.190349875,5.423048341,-0.846033188,-1.870158017,-3.190349875,-5.423048341
CCL5-CCR3,2.661402801,-0.293899436,0.510714952,-1.806294108,0,1.152253285,0.617051076,0.732003436,-2.661402801,0.293899436,-0.510714952,1.806294108,0,-1.152253285,-0.617051076,-0.732003436,-3.188431899,1.718026555,1.322447124,2.905597184,3.188431899,-1.718026555,-1.322447124,-2.905597184
CCL5-CCR5,-1.550718262,-1.534614891,-1.375569471,-2.207187117,-1.859854047,-2.124186981,-0.401462127,-2.00091522,1.550718262,1.534614891,1.375569471,2.207187117,1.859854047,2.124186981,0.401462127,2.00091522,-0.349407558,-0.654189671,0.883571612,-0.022661694,0.349407558,0.654189671,-0.883571612,0.022661694
CD160-TNFRSF14,-1.574130827,-2.361654752,-2.542831036,-4.514530678,-0.475143548,-0.395814237,-0.069659482,-0.937229197,1.574130827,2.361654752,2.542831036,4.514530678,0.475143548,0.395814237,0.069659482,0.937229197,1.101786805,1.966167052,2.466332016,3.566821977,-1.101786805,-1.966167052,-2.466332016,-3.566821977
CD274-PDCD1,0.373545613,0.350226105,0.974672033,0.330613526,0.056652621,0.027589271,0.127811854,-0.044786832,-0.373545613,-0.350226105,-0.974672033,-0.330613526,-0.056652621,-0.027589271,-0.127811854,0.044786832,-0.179911729,-0.381052675,-0.507468982,-1.693062586,0.179911729,0.381052675,0.507468982,1.693062586
CD274-CD80,-0.11077224,-0.282570763,-0.424861599,-0.217541603,0.550520874,0.143438987,1.475505603,0.263158813,0.11077224,0.282570763,0.424861599,0.217541603,-0.550520874,-0.143438987,-1.475505603,-0.263158813,1.111433936,1.669799943,1.80887762,1.685889759,-1.111433936,-1.669799943,-1.80887762,-1.685889759
CD2-CD48,-3.413133178,-4.158570219,-4.303734954,-5.647053142,-1.23703838,-0.87204463,-0.784717367,-0.951696983,3.413133178,4.158570219,4.303734954,5.647053142,1.23703838,0.87204463,0.784717367,0.951696983,2.175771137,3.286343969,3.518337719,4.693585894,-2.175771137,-3.286343969,-3.518337719,-4.693585894
CD244-CD48,0.890758271,1.196675102,1.58853771,0.410134098,2.28510914,3.014179465,3.601101895,6.036406997,-0.890758271,-1.196675102,-1.58853771,-0.410134098,-2.28510914,-3.014179465,-3.601101895,-6.036406997,1.395036685,1.818162748,2.016609582,5.635225316,-1.395036685,-1.818162748,-2.016609582,-5.635225316
CD70-CD27,1.295162457,2.017085056,1.086122131,2.434074358,-1.777976905,0.522828721,-2.994992052,0.569007646,-1.295162457,-2.017085056,-1.086122131,-2.434074358,1.777976905,-0.522828721,2.994992052,-0.569007646,-3.360269171,-1.53851056,-4.617557311,-2.166912136,3.360269171,1.53851056,4.617557311,2.166912136
CD80-CD28,2.143947483,2.153688975,3.437647896,2.408327229,-1.163985379,-1.082412068,-1.039972872,-0.942378684,-2.143947483,-2.153688975,-3.437647896,-2.408327229,1.163985379,1.082412068,1.039972872,0.942378684,-5.147204006,-5.149939033,-6.096258835,-6.12629387,5.147204006,5.149939033,6.096258835,6.12629387
CD80-CTLA4,1.159403451,1.203651066,1.364531542,1.392051402,-0.70828654,-0.13573955,-0.032840917,-0.506273557,-1.159403451,-1.203651066,-1.364531542,-1.392051402,0.70828654,0.13573955,0.032840917,0.506273557,-3.890651656,-3.792523396,-3.567801335,-4.87345505,3.890651656,3.792523396,3.567801335,4.87345505
CD86-CD28,9.392006293,9.537472421,9.595017355,9.258421715,3.616548727,1.735830981,1.968349205,1.227558499,-9.392006293,-9.537472421,-9.595017355,-9.258421715,-3.616548727,-1.735830981,-1.968349205,-1.227558499,-6.257842424,-8.112271332,-8.080296045,-8.007248473,6.257842424,8.112271332,8.080296045,8.007248473
CD86-CTLA4,8.239892989,8.558328215,7.257548861,7.885894622,2.84182447,3.542869396,2.504362223,-1.38764294,-8.239892989,-8.558328215,-7.257548861,-7.885894622,-2.84182447,-3.542869396,-2.504362223,1.38764294,-5.565798462,-6.830505126,-5.858380342,-6.779695843,5.565798462,6.830505126,5.858380342,6.779695843
CSF1-CSF1R,-5.793558725,-6.973461943,-5.188608138,-4.768420631,-2.44939614,-4.320236806,1.148796346,1.086919581,5.793558725,6.973461943,5.188608138,4.768420631,2.44939614,4.320236806,-1.148796346,-1.086919581,0.607990229,0.737941092,0.936212917,1.351654593,-0.607990229,-0.737941092,-0.936212917,-1.351654593
CXCL1-CXCR1,0.101634719,1.055097642,0.576761157,1.290528729,0.261110087,0.377452021,0.156339388,0,-0.101634719,-1.055097642,-0.576761157,-1.290528729,-0.261110087,-0.377452021,-0.156339388,0,0.02338264,0,-0.028224088,0,-0.02338264,0,0.028224088,0
CXCL1-CXCR2,0.261133839,1.296469562,0.85332808,1.73533309,0.22048584,0.942612978,-0.100389516,0.565854142,-0.261133839,-1.296469562,-0.85332808,-1.73533309,-0.22048584,-0.942612978,0.100389516,-0.565854142,0.019487394,0,-0.046036157,0.013286023,-0.019487394,0,0.046036157,-0.013286023
CXCL10-CXCR3,4.495700095,6.954201343,5.464050484,5.051322759,2.693653022,5.113784507,5.349796305,4.821436325,-4.495700095,-6.954201343,-5.464050484,-5.051322759,-2.693653022,-5.113784507,-5.349796305,-4.821436325,0,0.741695235,-0.562096881,0,0,-0.741695235,0.562096881,0
CXCL11-CXCR3,0,2.769800081,2.172969458,1.746657036,0,1.254003074,2.139449109,1.58400311,0,-2.769800081,-2.172969458,-1.746657036,0,-1.254003074,-2.139449109,-1.58400311,0,0,0.178473211,0,0,0,-0.178473211,0
CXCL2-CXCR2,0.715631426,3.192194282,2.424973528,4.522982139,-0.280160428,2.313947216,0.674114572,1.530929692,-0.715631426,-3.192194282,-2.424973528,-4.522982139,0.280160428,-2.313947216,-0.674114572,-1.530929692,-0.196605685,-0.248456108,0.001401816,-0.720440677,0.196605685,0.248456108,-0.001401816,0.720440677
CXCL3-CXCR2,-0.149497966,1.982864451,1.140740661,2.992625204,-0.285300629,1.265953194,0.226739208,0.33837308,0.149497966,-1.982864451,-1.140740661,-2.992625204,0.285300629,-1.265953194,-0.226739208,-0.33837308,-0.05595027,-0.133880847,0.001628364,-0.627827412,0.05595027,0.133880847,-0.001628364,0.627827412
CXCL8-CXCR1,0.783488355,3.591936447,4.072108329,5.353238443,1.206055014,1.994627506,2.41006521,-1.622201463,-0.783488355,-3.591936447,-4.072108329,-5.353238443,-1.206055014,-1.994627506,-2.41006521,1.622201463,-0.069426968,-0.122452308,-0.185403615,-2.559175451,0.069426968,0.122452308,0.185403615,2.559175451
CXCL8-CXCR2,1.781412307,3.741062055,3.854394163,4.007020071,0.275114771,3.065982103,0.911881745,0.798613286,-1.781412307,-3.741062055,-3.854394163,-4.007020071,-0.275114771,-3.065982103,-0.911881745,-0.798613286,-0.283422887,-0.098711339,-0.3385119,-2.375809598,0.283422887,0.098711339,0.3385119,2.375809598
CXCL9-CXCR3,0,4.327788041,2.844465587,1.716790678,0,2.470099303,2.793928896,1.555664736,0,-4.327788041,-2.844465587,-1.716790678,0,-2.470099303,-2.793928896,-1.555664736,0,0,0,0,0,0,0,0
FASLG-FAS,-3.053595622,-2.362402455,-2.799921864,-2.826065834,-3.208947948,-1.055613522,-0.477783045,1.052315528,3.053595622,2.362402455,2.799921864,2.826065834,3.208947948,1.055613522,0.477783045,-1.052315528,-0.811669325,0.971444282,1.915228192,4.197591442,0.811669325,-0.971444282,-1.915228192,-4.197591442
FLT3LG-FLT3,-5.507785103,-7.552491903,-7.935021868,-5.577511363,-2.574944637,-6.649971046,-3.911875653,-4.133240817,5.507785103,7.552491903,7.935021868,5.577511363,2.574944637,6.649971046,3.911875653,4.133240817,2.893949123,-1.467768798,3.955731152,-1.769624677,-2.893949123,1.467768798,-3.955731152,1.769624677
ICOSLG-CD28,4.839023469,4.90146182,4.962840479,4.700839635,-0.260247795,-0.941669042,-0.494597866,-0.35291256,-4.839023469,-4.90146182,-4.962840479,-4.700839635,0.260247795,0.941669042,0.494597866,0.35291256,-5.682584882,-6.412614574,-6.198328516,-5.820516659,5.682584882,6.412614574,6.198328516,5.820516659
ICOSLG-ICOS,4.147690836,4.073629248,4.483603227,4.55430929,1.244795173,0.326359081,0.148896348,-0.483151187,-4.147690836,-4.073629248,-4.483603227,-4.55430929,-1.244795173,-0.326359081,-0.148896348,0.483151187,-4.883761332,-5.418990675,-5.582000897,-5.742889604,4.883761332,5.418990675,5.582000897,5.742889604
ICOSLG-CTLA4,3.786980464,3.938773347,2.773266177,3.335260279,-0.575855026,0.54827706,0.179991993,-0.39319748,-3.786980464,-3.938773347,-2.773266177,-3.335260279,0.575855026,-0.54827706,-0.179991993,0.39319748,-5.071241121,-5.133558557,-3.991935295,-4.466044862,5.071241121,5.133558557,3.991935295,4.466044862
LGALS9-HAVCR2,0.506432032,0.844560565,0.10201505,-0.512003777,-2.517809602,-1.589683916,-3.155099273,-3.067389894,-0.506432032,-0.844560565,-0.10201505,0.512003777,2.517809602,1.589683916,3.155099273,3.067389894,-2.777908542,-2.381045574,-2.964783701,-2.320295369,2.777908542,2.381045574,2.964783701,2.320295369
LTA-TNFRSF1A,-5.903388357,-5.245392843,-8.069945312,-7.192315897,-7.036318193,-7.517066221,-7.009892568,-7.70340429,5.903388357,5.245392843,8.069945312,7.192315897,7.036318193,7.517066221,7.009892568,7.70340429,-1.870477553,-2.974358495,0.144689481,-1.374477839,1.870477553,2.974358495,-0.144689481,1.374477839
LTA-TNFRSF14,-4.554153244,-4.113458318,-6.15029611,-5.897430816,-3.997741169,-3.774582228,-3.910439047,-5.719819657,4.554153244,4.113458318,6.15029611,5.897430816,3.997741169,3.774582228,3.910439047,5.719819657,0.563041518,0.340947019,2.23123647,0.153994992,-0.563041518,-0.340947019,-2.23123647,-0.153994992
NECTIN1-CD96,5.366417945,6.348580861,5.772565514,5.747017796,3.88238666,3.867905057,2.872924234,2.675082267,-5.366417945,-6.348580861,-5.772565514,-5.747017796,-3.88238666,-3.867905057,-2.872924234,-2.675082267,1.91881301,0.869799275,-1.846847,0.475990744,-1.91881301,-0.869799275,1.846847,-0.475990744
NECTIN2-CD226,5.149092392,5.881368698,5.641258051,6.086581798,3.152240174,2.499874982,2.503205187,2.61550682,-5.149092392,-5.881368698,-5.641258051,-6.086581798,-3.152240174,-2.499874982,-2.503205187,-2.61550682,0.132730541,0,0.089864795,-2.03837972,-0.132730541,0,-0.089864795,2.03837972
NECTIN2-TIGIT,5.39581489,6.247760819,5.561221825,6.838899895,3.455495028,3.683312646,2.959119322,3.978911873,-5.39581489,-6.247760819,-5.561221825,-6.838899895,-3.455495028,-3.683312646,-2.959119322,-3.978911873,0.165772272,0,0.1286525,-2.579481268,-0.165772272,0,-0.1286525,2.579481268
NECTIN3-TIGIT,-1.296212794,-1.16156818,0.354222381,-0.7930563,-0.225532473,0,0.107871822,0,1.296212794,1.16156818,-0.354222381,0.7930563,0.225532473,0,-0.107871822,0,0.74516919,1.891066933,0.556582187,2.526598615,-0.74516919,-1.891066933,-0.556582187,-2.526598615
PDCD1LG2-PDCD1,0.058345537,1.326891209,0.374231824,0.392925708,0.045994872,0.178471374,0.038119254,-0.021698541,-0.058345537,-1.326891209,-0.374231824,-0.392925708,-0.045994872,-0.178471374,-0.038119254,0.021698541,0.160116771,-1.075870814,-0.19254312,-1.052000606,-0.160116771,1.075870814,0.19254312,1.052000606
PF4-CXCR3,5.135819128,4.290585027,1.888161625,4.486045345,3.002233211,1.756624065,1.851087847,4.401320404,-5.135819128,-4.290585027,-1.888161625,-4.486045345,-3.002233211,-1.756624065,-1.851087847,-4.401320404,-2.173284971,-2.6923005,0.026679573,0.793993134,2.173284971,2.6923005,-0.026679573,-0.793993134
PPBP-CXCR2,-0.855740891,0.093027287,-0.259615701,-0.22727073,-1.978712824,-0.515127982,-1.175745757,-1.735078273,0.855740891,-0.093027287,0.259615701,0.22727073,1.978712824,0.515127982,1.175745757,1.735078273,-1.024637278,-0.545254465,-0.306931254,-1.333711551,1.024637278,0.545254465,0.306931254,1.333711551
PVR-TIGIT,5.239146987,6.04782957,5.146005298,5.994617118,3.654100432,4.025750999,2.856143759,3.358737423,-5.239146987,-6.04782957,-5.146005298,-5.994617118,-3.654100432,-4.025750999,-2.856143759,-3.358737423,0.995436469,1.033316791,0.096728611,-1.575526275,-0.995436469,-1.033316791,-0.096728611,1.575526275
PVR-CD96,6.680008018,7.041297124,7.109295806,7.060324478,5.232880433,4.850648872,4.828483339,3.811000692,-6.680008018,-7.041297124,-7.109295806,-7.060324478,-5.232880433,-4.850648872,-4.828483339,-3.811000692,2.049174008,1.539527678,-0.111079339,-2.302747081,-2.049174008,-1.539527678,0.111079339,2.302747081
TGFB1-TGFBR1,0.044347835,0.512369543,1.123269194,1.515011714,-0.172157133,-0.012862682,0.575750693,1.076640021,-0.044347835,-0.512369543,-1.123269194,-1.515011714,0.172157133,0.012862682,-0.575750693,-1.076640021,-0.216253898,-0.523616748,-0.54229565,-0.433169772,0.216253898,0.523616748,0.54229565,0.433169772
TGFB2-TGFBR2,-1.35757631,0,-1.403042431,0,-5.100714327,-5.62128048,-4.725268522,-3.468598044,1.35757631,0,1.403042431,0,5.100714327,5.62128048,4.725268522,3.468598044,-4.16074784,-5.556026029,-3.609086245,-3.654173633,4.16074784,5.556026029,3.609086245,3.654173633
TGFB3-TGFBR3,0.453197778,-0.642992729,0.95118236,1.36746974,-0.118236126,-0.640634741,0.084495822,-0.015368513,-0.453197778,0.642992729,-0.95118236,-1.36746974,0.118236126,0.640634741,-0.084495822,0.015368513,-0.868326037,-2.270126055,-0.433485995,-1.918184111,0.868326037,2.270126055,0.433485995,1.918184111
TNFSF10-TNFRSF10A,3.766332719,3.632695315,3.199726096,3.04680031,4.099539073,4.245472261,3.350052617,3.621768803,-3.766332719,-3.632695315,-3.199726096,-3.04680031,-4.099539073,-4.245472261,-3.350052617,-3.621768803,0.343059719,0.624202755,0.151780104,0.578466462,-0.343059719,-0.624202755,-0.151780104,-0.578466462
TNFSF10-TNFRSF10B,0.448382051,-0.01748491,0.92419818,0.529931356,0.627912896,0.928408894,0.898141208,0.318343554,-0.448382051,0.01748491,-0.92419818,-0.529931356,-0.627912896,-0.928408894,-0.898141208,-0.318343554,0.17809396,0.937389996,-0.025572042,-0.209925226,-0.17809396,-0.937389996,0.025572042,0.209925226
TNFSF10-TNFRSF10C,-3.022437073,-6.433041307,-1.952341029,-2.741867384,-2.70989239,-1.053787236,-4.304396836,-5.805655591,3.022437073,6.433041307,1.952341029,2.741867384,2.70989239,1.053787236,4.304396836,5.805655591,0.179576505,2.719753455,-1.607428263,-1.681493787,-0.179576505,-2.719753455,1.607428263,1.681493787
TNFSF10-TNFRSF10D,2.034895584,1.097483773,1.242135823,0.883704239,-0.024188131,1.776062802,0.408849751,1.012692748,-2.034895584,-1.097483773,-1.242135823,-0.883704239,0.024188131,-1.776062802,-0.408849751,-1.012692748,-1.954536887,0.670606331,-0.817890096,0.12965366,1.954536887,-0.670606331,0.817890096,-0.12965366
TNFSF12-TNFRSF25,4.900584556,3.850431934,6.319455059,5.755546091,1.849714398,0.997206483,3.600609098,1.248312039,-4.900584556,-3.850431934,-6.319455059,-5.755546091,-1.849714398,-0.997206483,-3.600609098,-1.248312039,-2.947948009,-2.668793885,-2.158211858,-4.042536614,2.947948009,2.668793885,2.158211858,4.042536614
TNFSF12-TNFRSF10D,1.105111175,-0.170041091,0.392988293,0.052809936,-1.179127194,0.395993743,0.494226627,0.252412462,-1.105111175,0.170041091,-0.392988293,-0.052809936,1.179127194,-0.395993743,-0.494226627,-0.252412462,-2.057296141,0.515044227,0.108041037,0.185800602,2.057296141,-0.515044227,-0.108041037,-0.185800602
TNFSF13-TNFRSF13B,2.357847027,3.571287568,3.811783125,5.40704297,9.587383539,9.623409592,10.71352999,10.07093726,-2.357847027,-3.571287568,-3.811783125,-5.40704297,-9.587383539,-9.623409592,-10.71352999,-10.07093726,3.548140864,3.124532289,3.850880583,1.876452287,-3.548140864,-3.124532289,-3.850880583,-1.876452287
TNFSF13-TNFRSF17,1.980702722,1.593857244,4.045472461,5.038761295,9.204408012,8.599135285,9.724242325,10.03228078,-1.980702722,-1.593857244,-4.045472461,-5.038761295,-9.204408012,-8.599135285,-9.724242325,-10.03228078,2.77124808,2.807812148,2.920620868,2.313638003,-2.77124808,-2.807812148,-2.920620868,-2.313638003
TNFSF13B-TNFRSF17,2.814695398,1.701593026,4.33884686,5.50125604,10.2375037,9.790112328,10.85188827,11.00853115,-2.814695398,-1.701593026,-4.33884686,-5.50125604,-10.2375037,-9.790112328,-10.85188827,-11.00853115,5.073946815,5.783610528,5.680418816,4.895903697,-5.073946815,-5.783610528,-5.680418816,-4.895903697
TNFSF13B-TNFRSF13B,2.948381579,3.558023231,4.222676449,5.998691235,10.92575739,10.94382824,11.80781483,11.06968854,-2.948381579,-3.558023231,-4.222676449,-5.998691235,-10.92575739,-10.94382824,-11.80781483,-11.06968854,5.992833154,6.521272155,6.615932568,4.444350229,-5.992833154,-6.521272155,-6.615932568,-4.444350229
TNFSF13B-TNFRSF13C,6.484963957,5.922827331,5.864150507,5.667382018,11.61514799,11.38999455,11.58871719,10.84136822,-6.484963957,-5.922827331,-5.864150507,-5.667382018,-11.61514799,-11.38999455,-11.58871719,-10.84136822,4.960690824,5.327438924,5.457378012,4.62878033,-4.960690824,-5.327438924,-5.457378012,-4.62878033
TNFSF14-LTBR,-5.974756772,-7.197787935,-5.406893757,-5.518371969,-3.62166136,-4.202020948,0.505199449,-1.883359913,5.974756772,7.197787935,5.406893757,5.518371969,3.62166136,4.202020948,-0.505199449,1.883359913,1.57199072,2.006324372,2.067496394,2.156411807,-1.57199072,-2.006324372,-2.067496394,-2.156411807
TNFSF14-TNFRSF14,-0.013236597,-1.88949329,0.904657531,-0.230973498,1.753994162,0.940020168,5.771310468,3.031958125,0.013236597,1.88949329,-0.904657531,0.230973498,-1.753994162,-0.940020168,-5.771310468,-3.031958125,1.769899112,2.829278107,4.859569987,3.266690881,-1.769899112,-2.829278107,-4.859569987,-3.266690881
TNFSF15-TNFRSF25,3.565256335,3.320454912,2.811169089,3.809197458,1.068628566,0.740488148,0.59108807,0.439292411,-3.565256335,-3.320454912,-2.811169089,-3.809197458,-1.068628566,-0.740488148,-0.59108807,-0.439292411,0,0,-0.499868412,0,0,0,0.499868412,0
TNFSF4-TNFRSF4,0.315490649,1.090399342,0.75670605,0.466041139,-0.192513563,0.027551293,-0.020712401,-0.308497861,-0.315490649,-1.090399342,-0.75670605,-0.466041139,0.192513563,-0.027551293,0.020712401,0.308497861,-1.242890915,-1.64220634,-1.533381637,-3.157130699,1.242890915,1.64220634,1.533381637,3.157130699
TNFSF8-TNFRSF8,-5.844484061,-7.837426774,-5.616080438,-4.41350328,-3.622501203,-4.083624426,-2.995806206,-2.580021493,5.844484061,7.837426774,5.616080438,4.41350328,3.622501203,4.083624426,2.995806206,2.580021493,-0.227951351,2.129767608,0.516644481,0.136868169,0.227951351,-2.129767608,-0.516644481,-0.136868169
XCL1-XCR1,0,-0.744243658,-0.092928927,-0.314892478,0,-0.137968435,0.009995087,0.167308809,0,0.744243658,0.092928927,0.314892478,0,0.137968435,-0.009995087,-0.167308809,0,-0.068200658,0.314538716,1.842728058,0,0.068200658,-0.314538716,-1.842728058
XCL2-XCR1,0,-0.404325892,-0.052509218,-0.161029027,0,-0.086553224,0.010510585,0.040648987,0,0.404325892,0.052509218,0.161029027,0,0.086553224,-0.010510585,-0.040648987,0,-0.042399548,0.183610398,1.171425065,0,0.042399548,-0.183610398,-1.171425065
